answerKey,id,question,question_concept,choices,stem
B,8d0b2621524162b7c900ebba92bf7019,"{'question_concept': 'sitting down', 'choices': [{'label': 'A', 'text': 'fall asleep'}, {'label': 'B', 'text': 'flatulence'}, {'label': 'C', 'text': 'sigh of relief'}, {'label': 'D', 'text': 'medium'}, {'label': 'E', 'text': 'comfort'}], 'stem': 'Bill sits down on a whoopee cushion, what sound does he make when he sits?'}",sitting down,"[{'label': 'A', 'text': 'fall asleep'}, {'label': 'B', 'text': 'flatulence'}, {'label': 'C', 'text': 'sigh of relief'}, {'label': 'D', 'text': 'medium'}, {'label': 'E', 'text': 'comfort'}]","Bill sits down on a whoopee cushion, what sound does he make when he sits?"
C,136c08fe01cb3e029b18b62997267810,"{'question_concept': 'going to party', 'choices': [{'label': 'A', 'text': 'smoking pot'}, {'label': 'B', 'text': 'happiness'}, {'label': 'C', 'text': 'laughter'}, {'label': 'D', 'text': 'babies'}, {'label': 'E', 'text': 'meet new people'}], 'stem': 'What is likely heard by those going to a party?'}",going to party,"[{'label': 'A', 'text': 'smoking pot'}, {'label': 'B', 'text': 'happiness'}, {'label': 'C', 'text': 'laughter'}, {'label': 'D', 'text': 'babies'}, {'label': 'E', 'text': 'meet new people'}]",What is likely heard by those going to a party?
B,819890987657d108834837af52d7b42b,"{'question_concept': 'prince', 'choices': [{'label': 'A', 'text': 'england'}, {'label': 'B', 'text': 'fairy tale'}, {'label': 'C', 'text': 'castle'}, {'label': 'D', 'text': 'palace'}, {'label': 'E', 'text': 'court'}], 'stem': 'A handsome prince is a stock character common to what?'}",prince,"[{'label': 'A', 'text': 'england'}, {'label': 'B', 'text': 'fairy tale'}, {'label': 'C', 'text': 'castle'}, {'label': 'D', 'text': 'palace'}, {'label': 'E', 'text': 'court'}]",A handsome prince is a stock character common to what?
B,033908492f55b9092e0fbdbcf49bab94,"{'question_concept': 'pacific northwest', 'choices': [{'label': 'A', 'text': 'united states'}, {'label': 'B', 'text': 'united states'}, {'label': 'C', 'text': 'washington'}, {'label': 'D', 'text': 'oregon'}, {'label': 'E', 'text': 'british columbia'}], 'stem': 'What covers the largest percentage of the pacific northwest?'}",pacific northwest,"[{'label': 'A', 'text': 'united states'}, {'label': 'B', 'text': 'united states'}, {'label': 'C', 'text': 'washington'}, {'label': 'D', 'text': 'oregon'}, {'label': 'E', 'text': 'british columbia'}]",What covers the largest percentage of the pacific northwest?
E,b67f97a3fd9f4025d34f927a7a616512,"{'question_concept': 'balls', 'choices': [{'label': 'A', 'text': 'sporting event'}, {'label': 'B', 'text': 'gym'}, {'label': 'C', 'text': 'toy store'}, {'label': 'D', 'text': 'baseball'}, {'label': 'E', 'text': 'soccer game'}], 'stem': 'When black and white balls are kicked with feet what is being played?'}",balls,"[{'label': 'A', 'text': 'sporting event'}, {'label': 'B', 'text': 'gym'}, {'label': 'C', 'text': 'toy store'}, {'label': 'D', 'text': 'baseball'}, {'label': 'E', 'text': 'soccer game'}]",When black and white balls are kicked with feet what is being played?
A,866deeda79fe257ffcfc08c674962894,"{'question_concept': 'snake', 'choices': [{'label': 'A', 'text': 'nature'}, {'label': 'B', 'text': 'pet shop'}, {'label': 'C', 'text': 'georgia'}, {'label': 'D', 'text': 'tropical forest'}, {'label': 'E', 'text': 'france'}], 'stem': ""A snake is not something you want to come across on a plane, but it's most likely to happen while out in mother what?""}",snake,"[{'label': 'A', 'text': 'nature'}, {'label': 'B', 'text': 'pet shop'}, {'label': 'C', 'text': 'georgia'}, {'label': 'D', 'text': 'tropical forest'}, {'label': 'E', 'text': 'france'}]","A snake is not something you want to come across on a plane, but it's most likely to happen while out in mother what?"
E,0377b8205981a2da2da4c5b80b27057c,"{'question_concept': 'smoking', 'choices': [{'label': 'A', 'text': 'inhale'}, {'label': 'B', 'text': 'unhealthy'}, {'label': 'C', 'text': 'a chimney'}, {'label': 'D', 'text': 'go outside'}, {'label': 'E', 'text': 'coughing'}], 'stem': 'If someone had been smoking, an easy way to tell would be if they were what?'}",smoking,"[{'label': 'A', 'text': 'inhale'}, {'label': 'B', 'text': 'unhealthy'}, {'label': 'C', 'text': 'a chimney'}, {'label': 'D', 'text': 'go outside'}, {'label': 'E', 'text': 'coughing'}]","If someone had been smoking, an easy way to tell would be if they were what?"
C,411b40d253960936de500ef3a57d650b,"{'question_concept': 'smart', 'choices': [{'label': 'A', 'text': 'garish'}, {'label': 'B', 'text': 'bright'}, {'label': 'C', 'text': 'ignorant'}, {'label': 'D', 'text': 'make invisible'}, {'label': 'E', 'text': 'backward'}], 'stem': 'Billy was smart but inexperienced.  In many ways he was what?'}",smart,"[{'label': 'A', 'text': 'garish'}, {'label': 'B', 'text': 'bright'}, {'label': 'C', 'text': 'ignorant'}, {'label': 'D', 'text': 'make invisible'}, {'label': 'E', 'text': 'backward'}]",Billy was smart but inexperienced.  In many ways he was what?
A,339dbff196404f63ac8660da1033bfee,"{'question_concept': 'advertisement', 'choices': [{'label': 'A', 'text': 'magazine'}, {'label': 'B', 'text': 'email'}, {'label': 'C', 'text': 'store'}, {'label': 'D', 'text': 'bus'}, {'label': 'E', 'text': 'closet'}], 'stem': 'Where can someone find a shiny advertisement?'}",advertisement,"[{'label': 'A', 'text': 'magazine'}, {'label': 'B', 'text': 'email'}, {'label': 'C', 'text': 'store'}, {'label': 'D', 'text': 'bus'}, {'label': 'E', 'text': 'closet'}]",Where can someone find a shiny advertisement?
D,6401f11df53df1ef3f403de9a66150d7,"{'question_concept': 'lizards', 'choices': [{'label': 'A', 'text': 'four legs'}, {'label': 'B', 'text': 'sex to produce offspring'}, {'label': 'C', 'text': 'pictures'}, {'label': 'D', 'text': 'bones'}, {'label': 'E', 'text': 'tail'}], 'stem': 'The only thing left of the ancient giants lizards are fossils and what?'}",lizards,"[{'label': 'A', 'text': 'four legs'}, {'label': 'B', 'text': 'sex to produce offspring'}, {'label': 'C', 'text': 'pictures'}, {'label': 'D', 'text': 'bones'}, {'label': 'E', 'text': 'tail'}]",The only thing left of the ancient giants lizards are fossils and what?
E,746d4507203ad0b6374ad03686b544cc,"{'question_concept': 'play poker', 'choices': [{'label': 'A', 'text': 'losing money'}, {'label': 'B', 'text': 'drink'}, {'label': 'C', 'text': 'bet money'}, {'label': 'D', 'text': 'concentrate'}, {'label': 'E', 'text': 'ante up'}], 'stem': 'He sat down at the table to play poker, to join the hand he had to what?'}",play poker,"[{'label': 'A', 'text': 'losing money'}, {'label': 'B', 'text': 'drink'}, {'label': 'C', 'text': 'bet money'}, {'label': 'D', 'text': 'concentrate'}, {'label': 'E', 'text': 'ante up'}]","He sat down at the table to play poker, to join the hand he had to what?"
B,33c963d10ee6d129f9889b0369fd51ca,"{'question_concept': 'becoming inebriated', 'choices': [{'label': 'A', 'text': 'regret'}, {'label': 'B', 'text': 'drunkenness'}, {'label': 'C', 'text': 'high energy'}, {'label': 'D', 'text': 'paralysis'}, {'label': 'E', 'text': 'arrest'}], 'stem': 'Becoming inebriated leads to what state?'}",becoming inebriated,"[{'label': 'A', 'text': 'regret'}, {'label': 'B', 'text': 'drunkenness'}, {'label': 'C', 'text': 'high energy'}, {'label': 'D', 'text': 'paralysis'}, {'label': 'E', 'text': 'arrest'}]",Becoming inebriated leads to what state?
B,cac490541d161f278fa0dda9958d9ed0,"{'question_concept': 'human', 'choices': [{'label': 'A', 'text': 'ocean'}, {'label': 'B', 'text': 'write'}, {'label': 'C', 'text': 'smile'}, {'label': 'D', 'text': 'die'}, {'label': 'E', 'text': 'think critically'}], 'stem': 'Luke was a human. Like most humans, he learned from his parents.  He was mortal, but he could preserve himself by doing what?'}",human,"[{'label': 'A', 'text': 'ocean'}, {'label': 'B', 'text': 'write'}, {'label': 'C', 'text': 'smile'}, {'label': 'D', 'text': 'die'}, {'label': 'E', 'text': 'think critically'}]","Luke was a human. Like most humans, he learned from his parents.  He was mortal, but he could preserve himself by doing what?"
E,f5d99fd32c631fdd35dea1b98e4f95a4,"{'question_concept': 'riding horse', 'choices': [{'label': 'A', 'text': 'bouncing'}, {'label': 'B', 'text': 'shaky'}, {'label': 'C', 'text': 'fear'}, {'label': 'D', 'text': 'movement'}, {'label': 'E', 'text': 'stiffness'}], 'stem': 'Sarah loved riding horse but she was having pain in his legs because of it. She was experiencing what sesation?'}",riding horse,"[{'label': 'A', 'text': 'bouncing'}, {'label': 'B', 'text': 'shaky'}, {'label': 'C', 'text': 'fear'}, {'label': 'D', 'text': 'movement'}, {'label': 'E', 'text': 'stiffness'}]",Sarah loved riding horse but she was having pain in his legs because of it. She was experiencing what sesation?
A,712f7e98465c85b159d410b78e722545,"{'question_concept': 'terrace', 'choices': [{'label': 'A', 'text': 'garden'}, {'label': 'B', 'text': 'yard'}, {'label': 'C', 'text': 'southern europe'}, {'label': 'D', 'text': 'rice paddy'}, {'label': 'E', 'text': 'house'}], 'stem': 'She could wait for her new terrace to be covered in green next year, it was the final piece of her dream what?'}",terrace,"[{'label': 'A', 'text': 'garden'}, {'label': 'B', 'text': 'yard'}, {'label': 'C', 'text': 'southern europe'}, {'label': 'D', 'text': 'rice paddy'}, {'label': 'E', 'text': 'house'}]","She could wait for her new terrace to be covered in green next year, it was the final piece of her dream what?"
A,357d23b1b6ee9c8429732abbb87d3855,"{'question_concept': 'bee', 'choices': [{'label': 'A', 'text': 'united states'}, {'label': 'B', 'text': 'apiary'}, {'label': 'C', 'text': 'michigan'}, {'label': 'D', 'text': 'trees'}, {'label': 'E', 'text': 'field of flowers'}], 'stem': 'From state to state gardeners appreciate the bee, it is a popular pollinator where?'}",bee,"[{'label': 'A', 'text': 'united states'}, {'label': 'B', 'text': 'apiary'}, {'label': 'C', 'text': 'michigan'}, {'label': 'D', 'text': 'trees'}, {'label': 'E', 'text': 'field of flowers'}]","From state to state gardeners appreciate the bee, it is a popular pollinator where?"
E,3b776e4cf27e8e7fb238665e138b4515,"{'question_concept': 'prison', 'choices': [{'label': 'A', 'text': 'forest'}, {'label': 'B', 'text': 'city'}, {'label': 'C', 'text': 'countryside'}, {'label': 'D', 'text': 'america'}, {'label': 'E', 'text': 'alcatraz'}], 'stem': 'Many prison movies take place at what famous prison?'}",prison,"[{'label': 'A', 'text': 'forest'}, {'label': 'B', 'text': 'city'}, {'label': 'C', 'text': 'countryside'}, {'label': 'D', 'text': 'america'}, {'label': 'E', 'text': 'alcatraz'}]",Many prison movies take place at what famous prison?
D,9b8cd9811a98920365c738d2084eefa5,"{'question_concept': 'lizard', 'choices': [{'label': 'A', 'text': 'forrest'}, {'label': 'B', 'text': 'desert'}, {'label': 'C', 'text': 'tropics'}, {'label': 'D', 'text': 'china'}, {'label': 'E', 'text': 'garden'}], 'stem': 'The lizard lived at the base of the ancient longest wall, what country did it likely live in?'}",lizard,"[{'label': 'A', 'text': 'forrest'}, {'label': 'B', 'text': 'desert'}, {'label': 'C', 'text': 'tropics'}, {'label': 'D', 'text': 'china'}, {'label': 'E', 'text': 'garden'}]","The lizard lived at the base of the ancient longest wall, what country did it likely live in?"
B,e73d6adda1b587aa99ab26b17eaae7c5,"{'question_concept': 'flute', 'choices': [{'label': 'A', 'text': 'park'}, {'label': 'B', 'text': 'symphony'}, {'label': 'C', 'text': 'orchestra'}, {'label': 'D', 'text': 'music shop'}, {'label': 'E', 'text': 'musical instrument store'}], 'stem': 'Where might someone go to watch a flute?'}",flute,"[{'label': 'A', 'text': 'park'}, {'label': 'B', 'text': 'symphony'}, {'label': 'C', 'text': 'orchestra'}, {'label': 'D', 'text': 'music shop'}, {'label': 'E', 'text': 'musical instrument store'}]",Where might someone go to watch a flute?
D,01222aa87ada7283129f7662cc0c4c5b,"{'question_concept': 'person', 'choices': [{'label': 'A', 'text': 'good review'}, {'label': 'B', 'text': 'headache'}, {'label': 'C', 'text': 'with cat'}, {'label': 'D', 'text': 'loyal friends'}, {'label': 'E', 'text': 'shoes'}], 'stem': 'Family is always the best for devotion, but it is also nice if a person has what?'}",person,"[{'label': 'A', 'text': 'good review'}, {'label': 'B', 'text': 'headache'}, {'label': 'C', 'text': 'with cat'}, {'label': 'D', 'text': 'loyal friends'}, {'label': 'E', 'text': 'shoes'}]","Family is always the best for devotion, but it is also nice if a person has what?"
B,1071356c6f9c269dd31f60a388235881,"{'question_concept': 'marker', 'choices': [{'label': 'A', 'text': ""child's backpack""}, {'label': 'B', 'text': 'desk'}, {'label': 'C', 'text': 'pocket'}, {'label': 'D', 'text': 'office supply store'}, {'label': 'E', 'text': 'briefcase'}], 'stem': 'Where would you put a marker if you plan to use it soon at the same location?'}",marker,"[{'label': 'A', 'text': ""child's backpack""}, {'label': 'B', 'text': 'desk'}, {'label': 'C', 'text': 'pocket'}, {'label': 'D', 'text': 'office supply store'}, {'label': 'E', 'text': 'briefcase'}]",Where would you put a marker if you plan to use it soon at the same location?
C,603acfcb73c489f6cc374cd1d8d10b07,"{'question_concept': 'container can', 'choices': [{'label': 'A', 'text': 'liquid'}, {'label': 'B', 'text': 'store'}, {'label': 'C', 'text': 'garage'}, {'label': 'D', 'text': 'pantry'}, {'label': 'E', 'text': 'gutter'}], 'stem': 'He kept a container can for draining oil in what location of the house?'}",container can,"[{'label': 'A', 'text': 'liquid'}, {'label': 'B', 'text': 'store'}, {'label': 'C', 'text': 'garage'}, {'label': 'D', 'text': 'pantry'}, {'label': 'E', 'text': 'gutter'}]",He kept a container can for draining oil in what location of the house?
A,051a9fcd42a663e4b0f5d0a487fcd9bc,"{'question_concept': 'humans', 'choices': [{'label': 'A', 'text': 'one head'}, {'label': 'B', 'text': 'two ears'}, {'label': 'C', 'text': 'lay eggs'}, {'label': 'D', 'text': '3 legs'}, {'label': 'E', 'text': 'two feet'}], 'stem': 'What do humans have that cerberus does not have?'}",humans,"[{'label': 'A', 'text': 'one head'}, {'label': 'B', 'text': 'two ears'}, {'label': 'C', 'text': 'lay eggs'}, {'label': 'D', 'text': '3 legs'}, {'label': 'E', 'text': 'two feet'}]",What do humans have that cerberus does not have?
A,ccd7790911b0ab4667511d491c208609,"{'question_concept': 'driving', 'choices': [{'label': 'A', 'text': 'deaths'}, {'label': 'B', 'text': 'moving'}, {'label': 'C', 'text': 'car wrecks'}, {'label': 'D', 'text': 'using gas'}, {'label': 'E', 'text': 'may die'}], 'stem': 'Danny was studying statistics in class, and he something disturbing about driving.   It causes a significant number of what?'}",driving,"[{'label': 'A', 'text': 'deaths'}, {'label': 'B', 'text': 'moving'}, {'label': 'C', 'text': 'car wrecks'}, {'label': 'D', 'text': 'using gas'}, {'label': 'E', 'text': 'may die'}]","Danny was studying statistics in class, and he something disturbing about driving.   It causes a significant number of what?"
B,e13eaf84dcbb81681834b71748c635d1,"{'question_concept': 'anger', 'choices': [{'label': 'A', 'text': 'illustrate point'}, {'label': 'B', 'text': 'destroy enemy'}, {'label': 'C', 'text': 'cool off'}, {'label': 'D', 'text': 'write letter'}, {'label': 'E', 'text': 'get drunk'}], 'stem': 'The video game featured an anger bar that you charged up to more easily do what?'}",anger,"[{'label': 'A', 'text': 'illustrate point'}, {'label': 'B', 'text': 'destroy enemy'}, {'label': 'C', 'text': 'cool off'}, {'label': 'D', 'text': 'write letter'}, {'label': 'E', 'text': 'get drunk'}]",The video game featured an anger bar that you charged up to more easily do what?
E,b09565ee419576bc451a65a1013443ec,"{'question_concept': 'changing room', 'choices': [{'label': 'A', 'text': 'gym'}, {'label': 'B', 'text': 'clothing store'}, {'label': 'C', 'text': ""change baby's diaper""}, {'label': 'D', 'text': 'department store'}, {'label': 'E', 'text': 'schools'}], 'stem': 'Where would you use a changing room before gym?'}",changing room,"[{'label': 'A', 'text': 'gym'}, {'label': 'B', 'text': 'clothing store'}, {'label': 'C', 'text': ""change baby's diaper""}, {'label': 'D', 'text': 'department store'}, {'label': 'E', 'text': 'schools'}]",Where would you use a changing room before gym?
E,694e6674295de4ab2d93fad3d7ba48c1,"{'question_concept': 'bird', 'choices': [{'label': 'A', 'text': 'two legs'}, {'label': 'B', 'text': 'feathers'}, {'label': 'C', 'text': 'entertain yourself'}, {'label': 'D', 'text': 'head'}, {'label': 'E', 'text': 'two wings'}], 'stem': 'The bird took flight by moving its what?'}",bird,"[{'label': 'A', 'text': 'two legs'}, {'label': 'B', 'text': 'feathers'}, {'label': 'C', 'text': 'entertain yourself'}, {'label': 'D', 'text': 'head'}, {'label': 'E', 'text': 'two wings'}]",The bird took flight by moving its what?
D,29c03f7753025ff7a04816ccdcc6e3c4,"{'question_concept': 'human', 'choices': [{'label': 'A', 'text': 'detroit'}, {'label': 'B', 'text': 'elevator'}, {'label': 'C', 'text': 'workplace'}, {'label': 'D', 'text': 'downtown'}, {'label': 'E', 'text': 'mall'}], 'stem': 'A human wants to go shopping in a dense urban area.  Where might be a good place for a person to go shopping?'}",human,"[{'label': 'A', 'text': 'detroit'}, {'label': 'B', 'text': 'elevator'}, {'label': 'C', 'text': 'workplace'}, {'label': 'D', 'text': 'downtown'}, {'label': 'E', 'text': 'mall'}]",A human wants to go shopping in a dense urban area.  Where might be a good place for a person to go shopping?
C,baa25ff3ae9064e2c0824d0e702f711a,"{'question_concept': 'beautiful', 'choices': [{'label': 'A', 'text': 'bee utiful'}, {'label': 'B', 'text': 'ugly'}, {'label': 'C', 'text': 'dull'}, {'label': 'D', 'text': 'plain'}, {'label': 'E', 'text': 'wet'}], 'stem': 'It could have been a beautiful day, but what did the overcast sky do to the color?'}",beautiful,"[{'label': 'A', 'text': 'bee utiful'}, {'label': 'B', 'text': 'ugly'}, {'label': 'C', 'text': 'dull'}, {'label': 'D', 'text': 'plain'}, {'label': 'E', 'text': 'wet'}]","It could have been a beautiful day, but what did the overcast sky do to the color?"
A,d265fa98480eddeca7db28d8c73ad4d2,"{'question_concept': 'tearoom', 'choices': [{'label': 'A', 'text': 'building'}, {'label': 'B', 'text': 'london'}, {'label': 'C', 'text': 'england'}, {'label': 'D', 'text': 'boston ship harbor'}, {'label': 'E', 'text': 'restaurant'}], 'stem': 'Where will any tearoom be?'}",tearoom,"[{'label': 'A', 'text': 'building'}, {'label': 'B', 'text': 'london'}, {'label': 'C', 'text': 'england'}, {'label': 'D', 'text': 'boston ship harbor'}, {'label': 'E', 'text': 'restaurant'}]",Where will any tearoom be?
B,951723b28151ba3e238917afc8bf032a,"{'question_concept': 'deep', 'choices': [{'label': 'A', 'text': 'deepfelt'}, {'label': 'B', 'text': 'light'}, {'label': 'C', 'text': 'high'}, {'label': 'D', 'text': 'frivolous'}, {'label': 'E', 'text': 'mountain'}], 'stem': 'If you are deep in a cave, what would you follow to find your way out?'}",deep,"[{'label': 'A', 'text': 'deepfelt'}, {'label': 'B', 'text': 'light'}, {'label': 'C', 'text': 'high'}, {'label': 'D', 'text': 'frivolous'}, {'label': 'E', 'text': 'mountain'}]","If you are deep in a cave, what would you follow to find your way out?"
E,9e15b6ac3333c02afacb53a286051ff2,"{'question_concept': 'playing baseball', 'choices': [{'label': 'A', 'text': 'happiness'}, {'label': 'B', 'text': 'sore muscles'}, {'label': 'C', 'text': 'injury'}, {'label': 'D', 'text': 'perfection'}, {'label': 'E', 'text': 'errors'}], 'stem': 'When playing baseball they keep track of mistakes, this stat is called what?'}",playing baseball,"[{'label': 'A', 'text': 'happiness'}, {'label': 'B', 'text': 'sore muscles'}, {'label': 'C', 'text': 'injury'}, {'label': 'D', 'text': 'perfection'}, {'label': 'E', 'text': 'errors'}]","When playing baseball they keep track of mistakes, this stat is called what?"
D,fed410c2c6c1eef23c4fdfd8a1fc501e,"{'question_concept': 'people', 'choices': [{'label': 'A', 'text': 'town'}, {'label': 'B', 'text': 'conference'}, {'label': 'C', 'text': 'bathroom'}, {'label': 'D', 'text': 'theater'}, {'label': 'E', 'text': 'train station'}], 'stem': 'When people want to watch a new move, the often go see it at the?'}",people,"[{'label': 'A', 'text': 'town'}, {'label': 'B', 'text': 'conference'}, {'label': 'C', 'text': 'bathroom'}, {'label': 'D', 'text': 'theater'}, {'label': 'E', 'text': 'train station'}]","When people want to watch a new move, the often go see it at the?"
C,d0f6be91ef071b5a5a4a9a84c5138446,"{'question_concept': 'having food', 'choices': [{'label': 'A', 'text': 'digesting'}, {'label': 'B', 'text': 'being full'}, {'label': 'C', 'text': 'will not starve'}, {'label': 'D', 'text': 'survive'}, {'label': 'E', 'text': 'getting fat'}], 'stem': 'What is the goal of a poor person having food?'}",having food,"[{'label': 'A', 'text': 'digesting'}, {'label': 'B', 'text': 'being full'}, {'label': 'C', 'text': 'will not starve'}, {'label': 'D', 'text': 'survive'}, {'label': 'E', 'text': 'getting fat'}]",What is the goal of a poor person having food?
E,abeb350beeb13cae3af0b79a37c088e2,"{'question_concept': 'climbing', 'choices': [{'label': 'A', 'text': 'calluses'}, {'label': 'B', 'text': 'loss of oxygen'}, {'label': 'C', 'text': 'vertigo'}, {'label': 'D', 'text': 'ascending'}, {'label': 'E', 'text': 'blisters'}], 'stem': 'When james was climbing he experiences a couple of symptoms.  The most painful and long lasting was on his hands.   What  might have happened to him?'}",climbing,"[{'label': 'A', 'text': 'calluses'}, {'label': 'B', 'text': 'loss of oxygen'}, {'label': 'C', 'text': 'vertigo'}, {'label': 'D', 'text': 'ascending'}, {'label': 'E', 'text': 'blisters'}]",When james was climbing he experiences a couple of symptoms.  The most painful and long lasting was on his hands.   What  might have happened to him?
B,a518e6486a560ddef1ba140c75944ef3,"{'question_concept': 'cat', 'choices': [{'label': 'A', 'text': 'floor'}, {'label': 'B', 'text': 'ground'}, {'label': 'C', 'text': 'warm bed'}, {'label': 'D', 'text': 'sand box'}, {'label': 'E', 'text': 'window'}], 'stem': 'What do cats like to hug when they are peeking at birds?'}",cat,"[{'label': 'A', 'text': 'floor'}, {'label': 'B', 'text': 'ground'}, {'label': 'C', 'text': 'warm bed'}, {'label': 'D', 'text': 'sand box'}, {'label': 'E', 'text': 'window'}]",What do cats like to hug when they are peeking at birds?
D,c2fef616e29b3c969758596a52ac9246,"{'question_concept': 'buying products', 'choices': [{'label': 'A', 'text': 'pleasure'}, {'label': 'B', 'text': 'delight'}, {'label': 'C', 'text': 'bankruptcy'}, {'label': 'D', 'text': 'agony'}, {'label': 'E', 'text': 'owning'}], 'stem': 'John spent too much money buying products for his swollen testicles.  He did so because he was feeling what?'}",buying products,"[{'label': 'A', 'text': 'pleasure'}, {'label': 'B', 'text': 'delight'}, {'label': 'C', 'text': 'bankruptcy'}, {'label': 'D', 'text': 'agony'}, {'label': 'E', 'text': 'owning'}]",John spent too much money buying products for his swollen testicles.  He did so because he was feeling what?
D,1b050d4c1d6aee596bc0205f6d7aa995,"{'question_concept': 'small dog', 'choices': [{'label': 'A', 'text': 'nursing home'}, {'label': 'B', 'text': 'dog show'}, {'label': 'C', 'text': 'apart'}, {'label': 'D', 'text': 'suburb'}, {'label': 'E', 'text': 'own house'}], 'stem': 'The small dog always picked up the newspaper from the driveway, where did the dog live?'}",small dog,"[{'label': 'A', 'text': 'nursing home'}, {'label': 'B', 'text': 'dog show'}, {'label': 'C', 'text': 'apart'}, {'label': 'D', 'text': 'suburb'}, {'label': 'E', 'text': 'own house'}]","The small dog always picked up the newspaper from the driveway, where did the dog live?"
E,1fad26c364aa015bd0a22db53667028b,"{'question_concept': 'shopping bag', 'choices': [{'label': 'A', 'text': 'retail store'}, {'label': 'B', 'text': 'refrigerator'}, {'label': 'C', 'text': 'supermarket'}, {'label': 'D', 'text': 'car trunk'}, {'label': 'E', 'text': 'storage cabinet'}], 'stem': 'The bachelor was too lazy to take the groceries out of the shopping bag, he just put the full bags right in his pantry what?'}",shopping bag,"[{'label': 'A', 'text': 'retail store'}, {'label': 'B', 'text': 'refrigerator'}, {'label': 'C', 'text': 'supermarket'}, {'label': 'D', 'text': 'car trunk'}, {'label': 'E', 'text': 'storage cabinet'}]","The bachelor was too lazy to take the groceries out of the shopping bag, he just put the full bags right in his pantry what?"
D,2c1f36267c3663cd1bb22e33f297be1b,"{'question_concept': 'canned goods', 'choices': [{'label': 'A', 'text': 'cabinet'}, {'label': 'B', 'text': 'pantry'}, {'label': 'C', 'text': 'kitchen'}, {'label': 'D', 'text': 'cupboard'}, {'label': 'E', 'text': 'shelf'}], 'stem': 'Behind what small door are canned goods usually kept in?'}",canned goods,"[{'label': 'A', 'text': 'cabinet'}, {'label': 'B', 'text': 'pantry'}, {'label': 'C', 'text': 'kitchen'}, {'label': 'D', 'text': 'cupboard'}, {'label': 'E', 'text': 'shelf'}]",Behind what small door are canned goods usually kept in?
A,f463518f238f8f14a28eb0489241ca21,"{'question_concept': 'familiar', 'choices': [{'label': 'A', 'text': 'cold'}, {'label': 'B', 'text': 'unfamiliar'}, {'label': 'C', 'text': 'unknown'}, {'label': 'D', 'text': 'unacquainted'}, {'label': 'E', 'text': 'shy'}], 'stem': ""Mary wasn't familiar with James, so she wasn't comfortable speaking with him. How might she come off?""}",familiar,"[{'label': 'A', 'text': 'cold'}, {'label': 'B', 'text': 'unfamiliar'}, {'label': 'C', 'text': 'unknown'}, {'label': 'D', 'text': 'unacquainted'}, {'label': 'E', 'text': 'shy'}]","Mary wasn't familiar with James, so she wasn't comfortable speaking with him. How might she come off?"
A,a13e42b3eb3be6f6cc6fd702203096f4,"{'question_concept': 'humans', 'choices': [{'label': 'A', 'text': 'university'}, {'label': 'B', 'text': 'park'}, {'label': 'C', 'text': 'unemployment'}, {'label': 'D', 'text': 'cafe'}, {'label': 'E', 'text': 'movies'}], 'stem': 'American humans just graduated high school, where are many of them bound?'}",humans,"[{'label': 'A', 'text': 'university'}, {'label': 'B', 'text': 'park'}, {'label': 'C', 'text': 'unemployment'}, {'label': 'D', 'text': 'cafe'}, {'label': 'E', 'text': 'movies'}]","American humans just graduated high school, where are many of them bound?"
E,718bb7c081372ebdaae0a6f1cc27e0e9,"{'question_concept': 'weasel', 'choices': [{'label': 'A', 'text': 'law firm'}, {'label': 'B', 'text': 'zoo'}, {'label': 'C', 'text': 'classroom'}, {'label': 'D', 'text': 'forrest'}, {'label': 'E', 'text': 'terrarium'}], 'stem': 'James was a weasel.  He lived in a warm place where he was surrounded by children.  Glass separated him from the  outside world.  He rested comfortably in his what?'}",weasel,"[{'label': 'A', 'text': 'law firm'}, {'label': 'B', 'text': 'zoo'}, {'label': 'C', 'text': 'classroom'}, {'label': 'D', 'text': 'forrest'}, {'label': 'E', 'text': 'terrarium'}]",James was a weasel.  He lived in a warm place where he was surrounded by children.  Glass separated him from the  outside world.  He rested comfortably in his what?
B,80470c5f592040322c50914bb4129d64,"{'question_concept': 'snow', 'choices': [{'label': 'A', 'text': 'africa'}, {'label': 'B', 'text': 'north pole'}, {'label': 'C', 'text': 'roof'}, {'label': 'D', 'text': 'canada'}, {'label': 'E', 'text': 'surface of earth'}], 'stem': 'Where is known to always have snow?'}",snow,"[{'label': 'A', 'text': 'africa'}, {'label': 'B', 'text': 'north pole'}, {'label': 'C', 'text': 'roof'}, {'label': 'D', 'text': 'canada'}, {'label': 'E', 'text': 'surface of earth'}]",Where is known to always have snow?
C,884a20ee89ce4088a5dc3dbc4cc9b747,"{'question_concept': 'staying healthy', 'choices': [{'label': 'A', 'text': 'injury'}, {'label': 'B', 'text': 'happiness'}, {'label': 'C', 'text': 'long life'}, {'label': 'D', 'text': 'a long nose'}, {'label': 'E', 'text': 'envy'}], 'stem': 'What will happen to you if you are staying healthy?'}",staying healthy,"[{'label': 'A', 'text': 'injury'}, {'label': 'B', 'text': 'happiness'}, {'label': 'C', 'text': 'long life'}, {'label': 'D', 'text': 'a long nose'}, {'label': 'E', 'text': 'envy'}]",What will happen to you if you are staying healthy?
E,ba6449de6d9637a99a978cf97f4d5c0f,"{'question_concept': 'pen', 'choices': [{'label': 'A', 'text': ""friend's house""}, {'label': 'B', 'text': 'paper'}, {'label': 'C', 'text': 'office supply store'}, {'label': 'D', 'text': 'pocket'}, {'label': 'E', 'text': 'classroom'}], 'stem': 'Where do students use a pen?'}",pen,"[{'label': 'A', 'text': ""friend's house""}, {'label': 'B', 'text': 'paper'}, {'label': 'C', 'text': 'office supply store'}, {'label': 'D', 'text': 'pocket'}, {'label': 'E', 'text': 'classroom'}]",Where do students use a pen?
E,9a4039c873d179816f6d6bc43cea2a2d,"{'question_concept': 'banker', 'choices': [{'label': 'A', 'text': 'wall street'}, {'label': 'B', 'text': 'city hall'}, {'label': 'C', 'text': 'monopoly game'}, {'label': 'D', 'text': 'michigan'}, {'label': 'E', 'text': 'country club'}], 'stem': 'Where do investment bankers hang out in the suburbs?'}",banker,"[{'label': 'A', 'text': 'wall street'}, {'label': 'B', 'text': 'city hall'}, {'label': 'C', 'text': 'monopoly game'}, {'label': 'D', 'text': 'michigan'}, {'label': 'E', 'text': 'country club'}]",Where do investment bankers hang out in the suburbs?
A,30d5b111ebacc5f48f7b896ce85dcc2d,"{'question_concept': 'person', 'choices': [{'label': 'A', 'text': 'drink tea'}, {'label': 'B', 'text': 'thank god'}, {'label': 'C', 'text': 'open eyes'}, {'label': 'D', 'text': 'feel angry'}, {'label': 'E', 'text': 'complete sentence'}], 'stem': 'What would a person do if he or she just woke up?'}",person,"[{'label': 'A', 'text': 'drink tea'}, {'label': 'B', 'text': 'thank god'}, {'label': 'C', 'text': 'open eyes'}, {'label': 'D', 'text': 'feel angry'}, {'label': 'E', 'text': 'complete sentence'}]",What would a person do if he or she just woke up?
E,b1f17c81c549694441826bf30e032eef,"{'question_concept': 'person', 'choices': [{'label': 'A', 'text': 'prepare to go'}, {'label': 'B', 'text': 'catch cold'}, {'label': 'C', 'text': 'hunt for food'}, {'label': 'D', 'text': 'they shivered'}, {'label': 'E', 'text': 'feel humiliated'}], 'stem': 'The person was exposed as a liar, so what happened as a result?'}",person,"[{'label': 'A', 'text': 'prepare to go'}, {'label': 'B', 'text': 'catch cold'}, {'label': 'C', 'text': 'hunt for food'}, {'label': 'D', 'text': 'they shivered'}, {'label': 'E', 'text': 'feel humiliated'}]","The person was exposed as a liar, so what happened as a result?"
A,4279383d2ed9350b7d0d46218de17b62,"{'question_concept': 'sheep', 'choices': [{'label': 'A', 'text': 'expensive'}, {'label': 'B', 'text': 'wolf'}, {'label': 'C', 'text': 'wool'}, {'label': 'D', 'text': 'goat'}, {'label': 'E', 'text': 'lamb'}], 'stem': 'When you go to buy a sheep you will learn that it is what?'}",sheep,"[{'label': 'A', 'text': 'expensive'}, {'label': 'B', 'text': 'wolf'}, {'label': 'C', 'text': 'wool'}, {'label': 'D', 'text': 'goat'}, {'label': 'E', 'text': 'lamb'}]",When you go to buy a sheep you will learn that it is what?
E,e7e5f05b8f359cefd60c3ff89a7f9403,"{'question_concept': 'foot', 'choices': [{'label': 'A', 'text': 'fungus'}, {'label': 'B', 'text': 'shoe'}, {'label': 'C', 'text': 'grave'}, {'label': 'D', 'text': 'table'}, {'label': 'E', 'text': 'sock'}], 'stem': 'What would you put on your foot first before anything else?'}",foot,"[{'label': 'A', 'text': 'fungus'}, {'label': 'B', 'text': 'shoe'}, {'label': 'C', 'text': 'grave'}, {'label': 'D', 'text': 'table'}, {'label': 'E', 'text': 'sock'}]",What would you put on your foot first before anything else?
B,77a4a131e9083f6a4c70e8f88df54056,"{'question_concept': 'losing weight', 'choices': [{'label': 'A', 'text': 'increased energy'}, {'label': 'B', 'text': 'healthier'}, {'label': 'C', 'text': 'loose skin'}, {'label': 'D', 'text': 'beauty'}, {'label': 'E', 'text': 'death'}], 'stem': 'What is a good result of losing weight?'}",losing weight,"[{'label': 'A', 'text': 'increased energy'}, {'label': 'B', 'text': 'healthier'}, {'label': 'C', 'text': 'loose skin'}, {'label': 'D', 'text': 'beauty'}, {'label': 'E', 'text': 'death'}]",What is a good result of losing weight?
B,51a4eef10d18d85f8bb3d1037d6db244,"{'question_concept': 'pictures', 'choices': [{'label': 'A', 'text': 'window'}, {'label': 'B', 'text': 'art show'}, {'label': 'C', 'text': 'trunk'}, {'label': 'D', 'text': 'newspaper'}, {'label': 'E', 'text': 'books'}], 'stem': 'where do people go to view famous pictures?'}",pictures,"[{'label': 'A', 'text': 'window'}, {'label': 'B', 'text': 'art show'}, {'label': 'C', 'text': 'trunk'}, {'label': 'D', 'text': 'newspaper'}, {'label': 'E', 'text': 'books'}]",where do people go to view famous pictures?
A,8c3e27a26a4c7482ab1639d8f9b557b8,"{'question_concept': 'earth', 'choices': [{'label': 'A', 'text': 'tree'}, {'label': 'B', 'text': 'orbit'}, {'label': 'C', 'text': 'pressure'}, {'label': 'D', 'text': 'space'}, {'label': 'E', 'text': 'solar system'}], 'stem': 'What type of plant is the tallest found on earth?'}",earth,"[{'label': 'A', 'text': 'tree'}, {'label': 'B', 'text': 'orbit'}, {'label': 'C', 'text': 'pressure'}, {'label': 'D', 'text': 'space'}, {'label': 'E', 'text': 'solar system'}]",What type of plant is the tallest found on earth?
E,d8c570d0c7b16b513c20857dfbd7509e,"{'question_concept': 'company', 'choices': [{'label': 'A', 'text': 'have coffee'}, {'label': 'B', 'text': 'mail clients'}, {'label': 'C', 'text': 'commit crime'}, {'label': 'D', 'text': 'own factory'}, {'label': 'E', 'text': 'pay employees'}], 'stem': ""The company was very cheap.  The didn't do what?""}",company,"[{'label': 'A', 'text': 'have coffee'}, {'label': 'B', 'text': 'mail clients'}, {'label': 'C', 'text': 'commit crime'}, {'label': 'D', 'text': 'own factory'}, {'label': 'E', 'text': 'pay employees'}]",The company was very cheap.  The didn't do what?
E,c4ddf7c8914789ed49147eeeb7055784,"{'question_concept': 'moon', 'choices': [{'label': 'A', 'text': 'magic'}, {'label': 'B', 'text': 'outer space'}, {'label': 'C', 'text': 'air'}, {'label': 'D', 'text': 'universe'}, {'label': 'E', 'text': 'night sky'}], 'stem': 'The moon was seen surrounded by stars, when was it seen by people?'}",moon,"[{'label': 'A', 'text': 'magic'}, {'label': 'B', 'text': 'outer space'}, {'label': 'C', 'text': 'air'}, {'label': 'D', 'text': 'universe'}, {'label': 'E', 'text': 'night sky'}]","The moon was seen surrounded by stars, when was it seen by people?"
C,64b6e39a574a0f475ac116021bdf6c99,"{'question_concept': 'school', 'choices': [{'label': 'A', 'text': 'residential neighborhood'}, {'label': 'B', 'text': 'mosque'}, {'label': 'C', 'text': 'every city'}, {'label': 'D', 'text': 'prague'}, {'label': 'E', 'text': 'community'}], 'stem': 'Where should you find a school in?'}",school,"[{'label': 'A', 'text': 'residential neighborhood'}, {'label': 'B', 'text': 'mosque'}, {'label': 'C', 'text': 'every city'}, {'label': 'D', 'text': 'prague'}, {'label': 'E', 'text': 'community'}]",Where should you find a school in?
E,2bb50f90416e95f587a4dcb1b1a4f726,"{'question_concept': 'kissing', 'choices': [{'label': 'A', 'text': 'herpes'}, {'label': 'B', 'text': 'sexual stimulation'}, {'label': 'C', 'text': 'catch cold'}, {'label': 'D', 'text': 'outburst'}, {'label': 'E', 'text': 'get cold'}], 'stem': 'What can happen when kissing outside?'}",kissing,"[{'label': 'A', 'text': 'herpes'}, {'label': 'B', 'text': 'sexual stimulation'}, {'label': 'C', 'text': 'catch cold'}, {'label': 'D', 'text': 'outburst'}, {'label': 'E', 'text': 'get cold'}]",What can happen when kissing outside?
C,251e237360e6603f030430c9807a357e,"{'question_concept': 'soft', 'choices': [{'label': 'A', 'text': 'harsh'}, {'label': 'B', 'text': 'crazy'}, {'label': 'C', 'text': 'sensible'}, {'label': 'D', 'text': 'abrasive'}, {'label': 'E', 'text': 'hard'}], 'stem': 'When picking an object for a baby something soft is the what option?'}",soft,"[{'label': 'A', 'text': 'harsh'}, {'label': 'B', 'text': 'crazy'}, {'label': 'C', 'text': 'sensible'}, {'label': 'D', 'text': 'abrasive'}, {'label': 'E', 'text': 'hard'}]",When picking an object for a baby something soft is the what option?
A,7042f9b4f9cb95e6cad8f04ecd713636,"{'question_concept': 'cat', 'choices': [{'label': 'A', 'text': 'houseplant'}, {'label': 'B', 'text': 'bathtub'}, {'label': 'C', 'text': 'dumpsters'}, {'label': 'D', 'text': 'urban neighborhood'}, {'label': 'E', 'text': 'floor'}], 'stem': 'When their litter box is full where might a cat go to the bathroom?'}",cat,"[{'label': 'A', 'text': 'houseplant'}, {'label': 'B', 'text': 'bathtub'}, {'label': 'C', 'text': 'dumpsters'}, {'label': 'D', 'text': 'urban neighborhood'}, {'label': 'E', 'text': 'floor'}]",When their litter box is full where might a cat go to the bathroom?
E,691cd808e03a6c767e431fc1bac272cf,"{'question_concept': 'beaver', 'choices': [{'label': 'A', 'text': 'woodlands'}, {'label': 'B', 'text': 'cage'}, {'label': 'C', 'text': 'canada'}, {'label': 'D', 'text': 'ontario'}, {'label': 'E', 'text': 'zoo'}], 'stem': ""Where is a place a beaver wouldn't feel free?""}",beaver,"[{'label': 'A', 'text': 'woodlands'}, {'label': 'B', 'text': 'cage'}, {'label': 'C', 'text': 'canada'}, {'label': 'D', 'text': 'ontario'}, {'label': 'E', 'text': 'zoo'}]",Where is a place a beaver wouldn't feel free?
B,f9542c9fd143823feb841797959b0286,"{'question_concept': 'talking to', 'choices': [{'label': 'A', 'text': 'get tired of'}, {'label': 'B', 'text': 'social life'}, {'label': 'C', 'text': 'friendship'}, {'label': 'D', 'text': 'talking'}, {'label': 'E', 'text': 'eye contact'}], 'stem': ""If you're going out often and talking to a lot of people you have an active what?""}",talking to,"[{'label': 'A', 'text': 'get tired of'}, {'label': 'B', 'text': 'social life'}, {'label': 'C', 'text': 'friendship'}, {'label': 'D', 'text': 'talking'}, {'label': 'E', 'text': 'eye contact'}]",If you're going out often and talking to a lot of people you have an active what?
C,da846731bbee2b7c6e440c7a6262a21d,"{'question_concept': 'eating', 'choices': [{'label': 'A', 'text': 'cooking'}, {'label': 'B', 'text': 'watching tv'}, {'label': 'C', 'text': 'chewing'}, {'label': 'D', 'text': 'drink'}, {'label': 'E', 'text': 'bite'}], 'stem': 'How does someone begin eating?'}",eating,"[{'label': 'A', 'text': 'cooking'}, {'label': 'B', 'text': 'watching tv'}, {'label': 'C', 'text': 'chewing'}, {'label': 'D', 'text': 'drink'}, {'label': 'E', 'text': 'bite'}]",How does someone begin eating?
B,2713983edc30c6391b9aa4ef2cb7ed79,"{'question_concept': 'blowfish', 'choices': [{'label': 'A', 'text': 'books'}, {'label': 'B', 'text': 'france'}, {'label': 'C', 'text': 'fish market'}, {'label': 'D', 'text': 'atlantic ocean'}, {'label': 'E', 'text': 'cuba'}], 'stem': 'Sam went to Paris where he ordered a blowfish at a sushi place.  Where was Sam?'}",blowfish,"[{'label': 'A', 'text': 'books'}, {'label': 'B', 'text': 'france'}, {'label': 'C', 'text': 'fish market'}, {'label': 'D', 'text': 'atlantic ocean'}, {'label': 'E', 'text': 'cuba'}]",Sam went to Paris where he ordered a blowfish at a sushi place.  Where was Sam?
B,b6445bf9534fdd9470f129b74633361e,"{'question_concept': 'crab', 'choices': [{'label': 'A', 'text': 'tide pool'}, {'label': 'B', 'text': 'beach sand'}, {'label': 'C', 'text': 'tidepools'}, {'label': 'D', 'text': 'current'}, {'label': 'E', 'text': 'cooking pot'}], 'stem': 'The crab was scuttling but strained when he moved, what was impeding him?'}",crab,"[{'label': 'A', 'text': 'tide pool'}, {'label': 'B', 'text': 'beach sand'}, {'label': 'C', 'text': 'tidepools'}, {'label': 'D', 'text': 'current'}, {'label': 'E', 'text': 'cooking pot'}]","The crab was scuttling but strained when he moved, what was impeding him?"
D,7517e985f54fa0fad7b5b31f90067e2b,"{'question_concept': 'going to work', 'choices': [{'label': 'A', 'text': 'anger'}, {'label': 'B', 'text': 'bad mood'}, {'label': 'C', 'text': 'poor judgement'}, {'label': 'D', 'text': 'exhaustion'}, {'label': 'E', 'text': 'boredom'}], 'stem': 'This can set in after going to work with to little sleep?'}",going to work,"[{'label': 'A', 'text': 'anger'}, {'label': 'B', 'text': 'bad mood'}, {'label': 'C', 'text': 'poor judgement'}, {'label': 'D', 'text': 'exhaustion'}, {'label': 'E', 'text': 'boredom'}]",This can set in after going to work with to little sleep?
A,770414420834aff15a491187f3177fa3,"{'question_concept': 'bee', 'choices': [{'label': 'A', 'text': 'michigan'}, {'label': 'B', 'text': 'united states'}, {'label': 'C', 'text': 'sky'}, {'label': 'D', 'text': 'china'}, {'label': 'E', 'text': 'apiary'}], 'stem': 'The bee had to be shipped down south to avoid the cold winter, where was it originally from?'}",bee,"[{'label': 'A', 'text': 'michigan'}, {'label': 'B', 'text': 'united states'}, {'label': 'C', 'text': 'sky'}, {'label': 'D', 'text': 'china'}, {'label': 'E', 'text': 'apiary'}]","The bee had to be shipped down south to avoid the cold winter, where was it originally from?"
C,9cdf0b92dab4271705594e159a8061c6,"{'question_concept': 'eat lunch', 'choices': [{'label': 'A', 'text': 'smell'}, {'label': 'B', 'text': 'have food'}, {'label': 'C', 'text': 'get food'}, {'label': 'D', 'text': 'hungry'}, {'label': 'E', 'text': 'buy food'}], 'stem': ""Sarah wants to eat lunch.  To do this she'll have to go to her kitchen and do what?""}",eat lunch,"[{'label': 'A', 'text': 'smell'}, {'label': 'B', 'text': 'have food'}, {'label': 'C', 'text': 'get food'}, {'label': 'D', 'text': 'hungry'}, {'label': 'E', 'text': 'buy food'}]",Sarah wants to eat lunch.  To do this she'll have to go to her kitchen and do what?
E,360735619fabff006efe0ee574d6f011,"{'question_concept': 'animals', 'choices': [{'label': 'A', 'text': 'get cold'}, {'label': 'B', 'text': 'move'}, {'label': 'C', 'text': 'train'}, {'label': 'D', 'text': 'reproduce asexually'}, {'label': 'E', 'text': 'travel'}], 'stem': 'Birds are animals that do a lot of what?'}",animals,"[{'label': 'A', 'text': 'get cold'}, {'label': 'B', 'text': 'move'}, {'label': 'C', 'text': 'train'}, {'label': 'D', 'text': 'reproduce asexually'}, {'label': 'E', 'text': 'travel'}]",Birds are animals that do a lot of what?
D,fb721d7949d06915a2dd6fc6ec815325,"{'question_concept': 'watching tv', 'choices': [{'label': 'A', 'text': 'brain problems'}, {'label': 'B', 'text': 'laziness'}, {'label': 'C', 'text': 'get fat'}, {'label': 'D', 'text': 'headache'}, {'label': 'E', 'text': 'laughter'}], 'stem': 'Sitting to close while watching TV can cause what sort of pain?'}",watching tv,"[{'label': 'A', 'text': 'brain problems'}, {'label': 'B', 'text': 'laziness'}, {'label': 'C', 'text': 'get fat'}, {'label': 'D', 'text': 'headache'}, {'label': 'E', 'text': 'laughter'}]",Sitting to close while watching TV can cause what sort of pain?
C,8b42ec5073c6c42c56405a8c488f9921,"{'question_concept': 'getting in shape', 'choices': [{'label': 'A', 'text': 'give up'}, {'label': 'B', 'text': 'eat more'}, {'label': 'C', 'text': 'period of recovery'}, {'label': 'D', 'text': 'dance'}, {'label': 'E', 'text': 'jogging'}], 'stem': 'When getting in shape you need to have this in between workouts?'}",getting in shape,"[{'label': 'A', 'text': 'give up'}, {'label': 'B', 'text': 'eat more'}, {'label': 'C', 'text': 'period of recovery'}, {'label': 'D', 'text': 'dance'}, {'label': 'E', 'text': 'jogging'}]",When getting in shape you need to have this in between workouts?
A,7914facfac0229988dbd1f08de595257,"{'question_concept': 'company', 'choices': [{'label': 'A', 'text': 'liquidated'}, {'label': 'B', 'text': 'own resources'}, {'label': 'C', 'text': 'branch out'}, {'label': 'D', 'text': 'commit crime'}, {'label': 'E', 'text': 'game over'}], 'stem': 'what happens to a company when it is bankrupt?'}",company,"[{'label': 'A', 'text': 'liquidated'}, {'label': 'B', 'text': 'own resources'}, {'label': 'C', 'text': 'branch out'}, {'label': 'D', 'text': 'commit crime'}, {'label': 'E', 'text': 'game over'}]",what happens to a company when it is bankrupt?
B,2174d8212a045788de8db5e44da0748b,"{'question_concept': 'horse', 'choices': [{'label': 'A', 'text': 'painting'}, {'label': 'B', 'text': 'triple crown'}, {'label': 'C', 'text': 'apples'}, {'label': 'D', 'text': 'race track'}, {'label': 'E', 'text': 'kentucky derby'}], 'stem': 'What can a horse winning many races hope to achieve?'}",horse,"[{'label': 'A', 'text': 'painting'}, {'label': 'B', 'text': 'triple crown'}, {'label': 'C', 'text': 'apples'}, {'label': 'D', 'text': 'race track'}, {'label': 'E', 'text': 'kentucky derby'}]",What can a horse winning many races hope to achieve?
B,0656e14fca85810167df8c08faac2d6b,"{'question_concept': 'reading letter', 'choices': [{'label': 'A', 'text': 'get news'}, {'label': 'B', 'text': 'though'}, {'label': 'C', 'text': 'answer'}, {'label': 'D', 'text': 'realization'}, {'label': 'E', 'text': 'have fun'}], 'stem': 'If I am reading a letter and want to find an illogically spelled word, what might I look for?'}",reading letter,"[{'label': 'A', 'text': 'get news'}, {'label': 'B', 'text': 'though'}, {'label': 'C', 'text': 'answer'}, {'label': 'D', 'text': 'realization'}, {'label': 'E', 'text': 'have fun'}]","If I am reading a letter and want to find an illogically spelled word, what might I look for?"
E,aa2203e660cf4cd7817f41a8f12d1580,"{'question_concept': 'small dog', 'choices': [{'label': 'A', 'text': 'europe'}, {'label': 'B', 'text': 'front porch'}, {'label': 'C', 'text': 'heat'}, {'label': 'D', 'text': 'basket'}, {'label': 'E', 'text': 'outside'}], 'stem': 'Where do you bring a small dog if it needs to relieve itself?'}",small dog,"[{'label': 'A', 'text': 'europe'}, {'label': 'B', 'text': 'front porch'}, {'label': 'C', 'text': 'heat'}, {'label': 'D', 'text': 'basket'}, {'label': 'E', 'text': 'outside'}]",Where do you bring a small dog if it needs to relieve itself?
B,6c11e6864d92bc52a41de7a9959a120a,"{'question_concept': 'bathroom', 'choices': [{'label': 'A', 'text': 'playground'}, {'label': 'B', 'text': 'school'}, {'label': 'C', 'text': 'at hotel'}, {'label': 'D', 'text': 'theater'}, {'label': 'E', 'text': 'convenience store'}], 'stem': 'The best place for the troublemaker to sneak a smoke while he was in where, was in the bathroom?'}",bathroom,"[{'label': 'A', 'text': 'playground'}, {'label': 'B', 'text': 'school'}, {'label': 'C', 'text': 'at hotel'}, {'label': 'D', 'text': 'theater'}, {'label': 'E', 'text': 'convenience store'}]","The best place for the troublemaker to sneak a smoke while he was in where, was in the bathroom?"
A,a199bdec752f681ecdc7f5994848383c,"{'question_concept': 'people', 'choices': [{'label': 'A', 'text': 'hate each other'}, {'label': 'B', 'text': 'welcome change'}, {'label': 'C', 'text': 'make choice'}, {'label': 'D', 'text': 'adapt'}, {'label': 'E', 'text': 'talk to each other'}], 'stem': 'In a volatile social climate people will tend to what?'}",people,"[{'label': 'A', 'text': 'hate each other'}, {'label': 'B', 'text': 'welcome change'}, {'label': 'C', 'text': 'make choice'}, {'label': 'D', 'text': 'adapt'}, {'label': 'E', 'text': 'talk to each other'}]",In a volatile social climate people will tend to what?
B,de66e0357bf7af5de53bcc9fbed593a4,"{'question_concept': 'fragile', 'choices': [{'label': 'A', 'text': 'undestroyable'}, {'label': 'B', 'text': 'unbreakable'}, {'label': 'C', 'text': 'indestructible'}, {'label': 'D', 'text': 'durable'}, {'label': 'E', 'text': 'invisible'}], 'stem': 'In the movie a fragile man is causing accidents, his hope is to find a person opposite of him who is what?'}",fragile,"[{'label': 'A', 'text': 'undestroyable'}, {'label': 'B', 'text': 'unbreakable'}, {'label': 'C', 'text': 'indestructible'}, {'label': 'D', 'text': 'durable'}, {'label': 'E', 'text': 'invisible'}]","In the movie a fragile man is causing accidents, his hope is to find a person opposite of him who is what?"
D,5d37ab9a2ff7a3b9deab7685a57fad5f,"{'question_concept': 'dead body', 'choices': [{'label': 'A', 'text': 'funeral'}, {'label': 'B', 'text': 'closet'}, {'label': 'C', 'text': 'container'}, {'label': 'D', 'text': 'trunk'}, {'label': 'E', 'text': 'basement'}], 'stem': 'Where do you hide a dead body?'}",dead body,"[{'label': 'A', 'text': 'funeral'}, {'label': 'B', 'text': 'closet'}, {'label': 'C', 'text': 'container'}, {'label': 'D', 'text': 'trunk'}, {'label': 'E', 'text': 'basement'}]",Where do you hide a dead body?
D,ac9bc1464aea9075456a0fd179b2961c,"{'question_concept': 'friends', 'choices': [{'label': 'A', 'text': 'go somewhere'}, {'label': 'B', 'text': 'tell story'}, {'label': 'C', 'text': 'going out at night'}, {'label': 'D', 'text': 'jump rope'}, {'label': 'E', 'text': 'teach'}], 'stem': 'What will friends in elementary school likely do?'}",friends,"[{'label': 'A', 'text': 'go somewhere'}, {'label': 'B', 'text': 'tell story'}, {'label': 'C', 'text': 'going out at night'}, {'label': 'D', 'text': 'jump rope'}, {'label': 'E', 'text': 'teach'}]",What will friends in elementary school likely do?
C,02f37ac2b719d7890f8d200ed91cb78d,"{'question_concept': 'live', 'choices': [{'label': 'A', 'text': 'animated'}, {'label': 'B', 'text': 'broadcast'}, {'label': 'C', 'text': 'recorded'}, {'label': 'D', 'text': 'mixed'}, {'label': 'E', 'text': 'neutral'}], 'stem': ""The band was performing live, but if you looked close enough you'd realize the sound was previously what?""}",live,"[{'label': 'A', 'text': 'animated'}, {'label': 'B', 'text': 'broadcast'}, {'label': 'C', 'text': 'recorded'}, {'label': 'D', 'text': 'mixed'}, {'label': 'E', 'text': 'neutral'}]","The band was performing live, but if you looked close enough you'd realize the sound was previously what?"
E,b2ebe8d330edb1994eea91aebea5d072,"{'question_concept': 'lying', 'choices': [{'label': 'A', 'text': 'confusion'}, {'label': 'B', 'text': 'being found out'}, {'label': 'C', 'text': 'hurt feelings'}, {'label': 'D', 'text': 'being fired'}, {'label': 'E', 'text': 'trouble'}], 'stem': ""Sahmbi was  lying about the fugitive's location.  He was lying because he wanted to avoid legal what?""}",lying,"[{'label': 'A', 'text': 'confusion'}, {'label': 'B', 'text': 'being found out'}, {'label': 'C', 'text': 'hurt feelings'}, {'label': 'D', 'text': 'being fired'}, {'label': 'E', 'text': 'trouble'}]",Sahmbi was  lying about the fugitive's location.  He was lying because he wanted to avoid legal what?
E,7a2905db3f9bb0872523f5d9bf759b91,"{'question_concept': 'defeat', 'choices': [{'label': 'A', 'text': 'win at jenga'}, {'label': 'B', 'text': 'victory'}, {'label': 'C', 'text': 'lose'}, {'label': 'D', 'text': 'winning'}, {'label': 'E', 'text': 'conquer'}], 'stem': ""The great general had suffered his first defeat, it now seemed there was truly nobody his opponent couldn't what?""}",defeat,"[{'label': 'A', 'text': 'win at jenga'}, {'label': 'B', 'text': 'victory'}, {'label': 'C', 'text': 'lose'}, {'label': 'D', 'text': 'winning'}, {'label': 'E', 'text': 'conquer'}]","The great general had suffered his first defeat, it now seemed there was truly nobody his opponent couldn't what?"
E,1533dc3403bcdb227dec51c94aae7838,"{'question_concept': 'head', 'choices': [{'label': 'A', 'text': 'base'}, {'label': 'B', 'text': 'hands'}, {'label': 'C', 'text': 'foot'}, {'label': 'D', 'text': 'subordinate'}, {'label': 'E', 'text': 'point'}], 'stem': 'If someone has a head they will also have the ability to what?'}",head,"[{'label': 'A', 'text': 'base'}, {'label': 'B', 'text': 'hands'}, {'label': 'C', 'text': 'foot'}, {'label': 'D', 'text': 'subordinate'}, {'label': 'E', 'text': 'point'}]",If someone has a head they will also have the ability to what?
A,59e8fce0c310219ec36dd3d839cff305,"{'question_concept': 'moving car', 'choices': [{'label': 'A', 'text': 'strength'}, {'label': 'B', 'text': 'energy'}, {'label': 'C', 'text': 'force'}, {'label': 'D', 'text': 'drive'}, {'label': 'E', 'text': 'mood'}], 'stem': 'They began moving car with their bare hands to save the child trapped underneath, nobody could explain where they got the what to do so?'}",moving car,"[{'label': 'A', 'text': 'strength'}, {'label': 'B', 'text': 'energy'}, {'label': 'C', 'text': 'force'}, {'label': 'D', 'text': 'drive'}, {'label': 'E', 'text': 'mood'}]","They began moving car with their bare hands to save the child trapped underneath, nobody could explain where they got the what to do so?"
E,cfb1ab614e5b59c93b9874181dbf89e7,"{'question_concept': 'love', 'choices': [{'label': 'A', 'text': 'kiss'}, {'label': 'B', 'text': 'ask questions'}, {'label': 'C', 'text': 'please parents'}, {'label': 'D', 'text': 'procreate'}, {'label': 'E', 'text': 'forgive'}], 'stem': 'What do you do to someone easily when you love them?'}",love,"[{'label': 'A', 'text': 'kiss'}, {'label': 'B', 'text': 'ask questions'}, {'label': 'C', 'text': 'please parents'}, {'label': 'D', 'text': 'procreate'}, {'label': 'E', 'text': 'forgive'}]",What do you do to someone easily when you love them?
D,9655ea1f431673b1a79151143b3b1c75,"{'question_concept': 'hot dogs', 'choices': [{'label': 'A', 'text': 'costume shop'}, {'label': 'B', 'text': 'park'}, {'label': 'C', 'text': 'bowling alley'}, {'label': 'D', 'text': 'disneyland'}, {'label': 'E', 'text': 'sporting event'}], 'stem': ""John and James wanted to eat hot dogs but weren't sure where they could by some.  They asked a costumed person for directions.  This was their first trip where?""}",hot dogs,"[{'label': 'A', 'text': 'costume shop'}, {'label': 'B', 'text': 'park'}, {'label': 'C', 'text': 'bowling alley'}, {'label': 'D', 'text': 'disneyland'}, {'label': 'E', 'text': 'sporting event'}]",John and James wanted to eat hot dogs but weren't sure where they could by some.  They asked a costumed person for directions.  This was their first trip where?
D,c7cbb6d09da597b1d5b4127e0841b89b,"{'question_concept': 'people', 'choices': [{'label': 'A', 'text': 'commit crimes'}, {'label': 'B', 'text': 'part company'}, {'label': 'C', 'text': 'hungry'}, {'label': 'D', 'text': 'go swimming'}, {'label': 'E', 'text': 'believe in god'}], 'stem': 'What would people do if they want to have fun?'}",people,"[{'label': 'A', 'text': 'commit crimes'}, {'label': 'B', 'text': 'part company'}, {'label': 'C', 'text': 'hungry'}, {'label': 'D', 'text': 'go swimming'}, {'label': 'E', 'text': 'believe in god'}]",What would people do if they want to have fun?
A,35a06b4b2c6b13786c5c668d91fc13db,"{'question_concept': 'learn', 'choices': [{'label': 'A', 'text': 'teach'}, {'label': 'B', 'text': 'order chinese takaway'}, {'label': 'C', 'text': 'remember information'}, {'label': 'D', 'text': 'quit'}, {'label': 'E', 'text': 'forget'}], 'stem': 'Josh loved to learn.  Because of that, his mother put in effort to do what to him?'}",learn,"[{'label': 'A', 'text': 'teach'}, {'label': 'B', 'text': 'order chinese takaway'}, {'label': 'C', 'text': 'remember information'}, {'label': 'D', 'text': 'quit'}, {'label': 'E', 'text': 'forget'}]","Josh loved to learn.  Because of that, his mother put in effort to do what to him?"
B,8ac8bb247b57c63794da976f427047cd,"{'question_concept': 'skin', 'choices': [{'label': 'A', 'text': 'good health'}, {'label': 'B', 'text': 'fruit'}, {'label': 'C', 'text': 'body'}, {'label': 'D', 'text': 'people'}, {'label': 'E', 'text': 'none'}], 'stem': 'What is it healthy to eat the skin of?'}",skin,"[{'label': 'A', 'text': 'good health'}, {'label': 'B', 'text': 'fruit'}, {'label': 'C', 'text': 'body'}, {'label': 'D', 'text': 'people'}, {'label': 'E', 'text': 'none'}]",What is it healthy to eat the skin of?
D,7fbf98366ef6fe4bda9c0b5341fe1ffb,"{'question_concept': 'wrestle', 'choices': [{'label': 'A', 'text': 'train yourself'}, {'label': 'B', 'text': 'have strength'}, {'label': 'C', 'text': 'choke hold'}, {'label': 'D', 'text': 'strong'}, {'label': 'E', 'text': 'take lessons'}], 'stem': 'A lot of people who wrestle are very?'}",wrestle,"[{'label': 'A', 'text': 'train yourself'}, {'label': 'B', 'text': 'have strength'}, {'label': 'C', 'text': 'choke hold'}, {'label': 'D', 'text': 'strong'}, {'label': 'E', 'text': 'take lessons'}]",A lot of people who wrestle are very?
B,44f558b6e96a6f802f1230dedfa5f108,"{'question_concept': 'bat', 'choices': [{'label': 'A', 'text': 'office building'}, {'label': 'B', 'text': 'new mexico'}, {'label': 'C', 'text': 'bridge'}, {'label': 'D', 'text': 'belfry'}, {'label': 'E', 'text': 'dug out'}], 'stem': 'The bat was abducted and absconded to top secret government facilities, where did this happen?'}",bat,"[{'label': 'A', 'text': 'office building'}, {'label': 'B', 'text': 'new mexico'}, {'label': 'C', 'text': 'bridge'}, {'label': 'D', 'text': 'belfry'}, {'label': 'E', 'text': 'dug out'}]","The bat was abducted and absconded to top secret government facilities, where did this happen?"
A,c49ac7674eb18895057e6c197e423ed6,"{'question_concept': 'getting in line', 'choices': [{'label': 'A', 'text': 'being ordered'}, {'label': 'B', 'text': 'less confusion'}, {'label': 'C', 'text': 'getting advice'}, {'label': 'D', 'text': 'longer lines'}, {'label': 'E', 'text': 'standing in line'}], 'stem': ""James  didn't like getting in line when he was told to be the teacher.  He wasn't someone who appreciated authority figures.  He didn't like what?""}",getting in line,"[{'label': 'A', 'text': 'being ordered'}, {'label': 'B', 'text': 'less confusion'}, {'label': 'C', 'text': 'getting advice'}, {'label': 'D', 'text': 'longer lines'}, {'label': 'E', 'text': 'standing in line'}]",James  didn't like getting in line when he was told to be the teacher.  He wasn't someone who appreciated authority figures.  He didn't like what?
B,90671fde8d5223015a3f95a084d25f47,"{'question_concept': 'fighting inflation', 'choices': [{'label': 'A', 'text': 'problems'}, {'label': 'B', 'text': 'spend more'}, {'label': 'C', 'text': 'economic instability'}, {'label': 'D', 'text': 'buy liquor'}, {'label': 'E', 'text': 'deflation'}], 'stem': 'WHen people are fighting inflation what should they stop doing?'}",fighting inflation,"[{'label': 'A', 'text': 'problems'}, {'label': 'B', 'text': 'spend more'}, {'label': 'C', 'text': 'economic instability'}, {'label': 'D', 'text': 'buy liquor'}, {'label': 'E', 'text': 'deflation'}]",WHen people are fighting inflation what should they stop doing?
D,f0d9c86b6084fd289001923049745f78,"{'question_concept': 'pencil', 'choices': [{'label': 'A', 'text': 'cup'}, {'label': 'B', 'text': 'desk drawer'}, {'label': 'C', 'text': 'desktop'}, {'label': 'D', 'text': 'pocket'}, {'label': 'E', 'text': 'university'}], 'stem': 'How can you carry a pencil in your shirt?'}",pencil,"[{'label': 'A', 'text': 'cup'}, {'label': 'B', 'text': 'desk drawer'}, {'label': 'C', 'text': 'desktop'}, {'label': 'D', 'text': 'pocket'}, {'label': 'E', 'text': 'university'}]",How can you carry a pencil in your shirt?
A,f54d8beb81900b84e256f5d2e19591e4,"{'question_concept': 'rosebush', 'choices': [{'label': 'A', 'text': 'courtyard'}, {'label': 'B', 'text': 'landscaping'}, {'label': 'C', 'text': 'mailbox'}, {'label': 'D', 'text': 'california'}, {'label': 'E', 'text': 'botanic garden'}], 'stem': 'Where are rosebushes typically found outside of large buildings?'}",rosebush,"[{'label': 'A', 'text': 'courtyard'}, {'label': 'B', 'text': 'landscaping'}, {'label': 'C', 'text': 'mailbox'}, {'label': 'D', 'text': 'california'}, {'label': 'E', 'text': 'botanic garden'}]",Where are rosebushes typically found outside of large buildings?
E,1be61eeaa1b2267594abdf8244ff6b08,"{'question_concept': 'duffel bag', 'choices': [{'label': 'A', 'text': 'store'}, {'label': 'B', 'text': 'transit'}, {'label': 'C', 'text': 'sporting goods store'}, {'label': 'D', 'text': 'locker room'}, {'label': 'E', 'text': 'bus station'}], 'stem': 'James took his duffle bag with him when he walked to a place in order to go to another place.  Where did he walk to?'}",duffel bag,"[{'label': 'A', 'text': 'store'}, {'label': 'B', 'text': 'transit'}, {'label': 'C', 'text': 'sporting goods store'}, {'label': 'D', 'text': 'locker room'}, {'label': 'E', 'text': 'bus station'}]",James took his duffle bag with him when he walked to a place in order to go to another place.  Where did he walk to?
D,31fef658ebb0cbadf3a4d93271169fab,"{'question_concept': 'dentist', 'choices': [{'label': 'A', 'text': 'fair'}, {'label': 'B', 'text': 'phone book'}, {'label': 'C', 'text': 'city'}, {'label': 'D', 'text': 'dental office'}, {'label': 'E', 'text': 'las vegas'}], 'stem': 'Where do you visit a dentist?'}",dentist,"[{'label': 'A', 'text': 'fair'}, {'label': 'B', 'text': 'phone book'}, {'label': 'C', 'text': 'city'}, {'label': 'D', 'text': 'dental office'}, {'label': 'E', 'text': 'las vegas'}]",Where do you visit a dentist?
D,c9b7535d638a13785b931b8f983bd7ba,"{'question_concept': 'servant', 'choices': [{'label': 'A', 'text': 'free person'}, {'label': 'B', 'text': 'celebrity'}, {'label': 'C', 'text': 'boss'}, {'label': 'D', 'text': 'in charge'}, {'label': 'E', 'text': 'rich person'}], 'stem': 'The servant was asked where to put the flowers, what was his status at the wedding?'}",servant,"[{'label': 'A', 'text': 'free person'}, {'label': 'B', 'text': 'celebrity'}, {'label': 'C', 'text': 'boss'}, {'label': 'D', 'text': 'in charge'}, {'label': 'E', 'text': 'rich person'}]","The servant was asked where to put the flowers, what was his status at the wedding?"
D,45b4d654cece2af1723a150d5a1c0669,"{'question_concept': 'laundry room', 'choices': [{'label': 'A', 'text': 'hospital'}, {'label': 'B', 'text': 'basement of apartment building'}, {'label': 'C', 'text': 'college'}, {'label': 'D', 'text': 'house'}, {'label': 'E', 'text': 'hotel'}], 'stem': 'Where could you find a laundry room that is only used by a few people?'}",laundry room,"[{'label': 'A', 'text': 'hospital'}, {'label': 'B', 'text': 'basement of apartment building'}, {'label': 'C', 'text': 'college'}, {'label': 'D', 'text': 'house'}, {'label': 'E', 'text': 'hotel'}]",Where could you find a laundry room that is only used by a few people?
